,inferred dec temp,subject,inferred habitual tendency
0,2.9371576,0,5.297915
1,3.21798,1,3.5447314
2,2.852102,2,3.4381216
3,3.1349535,3,4.374473
4,3.2954526,4,3.0679073
5,3.4927273,5,3.4778156
6,3.3039405,6,4.749165
