,inferred dec temp,subject,inferred habitual tendency
0,1.7477212,0,5.201427
1,1.6615393,1,3.465893
2,1.416868,2,3.0870268
3,1.5455701,3,3.999708
4,1.2244956,4,1.9835119
5,1.8815069,5,2.8226783
6,1.6222148,6,4.4486246
