,inferred dec temp,subject,inferred habitual tendency
0,1.3168732,0,4.357293
1,0.871576,1,3.3342297
2,0.96490276,2,2.5739548
3,1.0064075,3,3.3572404
4,0.71265125,4,2.0098422
5,0.8135008,5,2.3740644
6,0.6067894,6,3.7092102
