,inferred dec temp,subject,inferred habitual tendency
0,2.1669145,0,5.526112
1,2.5649264,1,3.4995456
2,2.0599446,2,3.241412
3,2.2863812,3,4.1814466
4,2.2335303,4,2.482113
5,2.7006319,5,2.9729514
6,2.4204092,6,4.416872
