,inferred dec temp,subject,inferred habitual tendency
0,1.0689212,0,3.8684702
1,0.6828627,1,2.9782984
2,0.7886795,2,2.391287
3,0.8933604,3,2.911467
4,0.5948534,4,2.2683938
5,0.549614,5,2.3994408
6,0.40536508,6,2.724437
