,inferred dec temp,subject,inferred habitual tendency
0,1.5097805,0,4.741871
1,1.1361122,1,3.446021
2,1.1415851,2,2.7908032
3,1.18092,3,3.6246128
4,0.8590123,4,1.8385898
5,1.2422389,5,2.45515
6,0.8910212,6,4.0344315
