,inferred dec temp,subject,inferred habitual tendency
0,4.0648465,0,5.2733474
1,4.1500216,1,4.162577
2,3.781831,2,4.33667
3,3.903254,3,4.8017073
4,4.1994677,4,3.964257
5,4.193471,5,4.162387
6,4.0951853,6,5.4147477
