,inferred dec temp,subject,inferred habitual tendency
0,1.175112,0,4.1282816
1,0.75351405,1,3.1424155
2,0.8510587,2,2.4916544
3,0.8913226,3,3.225172
4,0.62438357,4,2.290401
5,0.6136393,5,2.386626
6,0.46892828,6,3.177002
