,inferred dec temp,subject,inferred habitual tendency
0,3.4262648,0,3.2657642
1,3.4798887,1,3.5998359
2,3.498503,2,3.5008826
3,3.1710215,3,3.963601
4,3.0094588,4,3.6498027
5,3.3586583,5,3.6973867
6,3.4756763,6,3.4967515
