,inferred dec temp,subject,inferred habitual tendency
0,0.6968065,0,3.2240896
1,0.7317253,1,3.1417544
2,0.80101234,2,3.0046716
3,0.7335034,3,2.877842
4,0.85412866,4,3.0428228
5,0.7899491,5,3.3698385
6,0.7586919,6,2.4879403
