,inferred dec temp,subject,inferred habitual tendency
0,0.566994,0,3.566014
1,0.62446934,1,3.0016713
2,0.61842006,2,3.006706
3,0.6391238,3,2.970371
4,0.7270468,4,2.8868525
5,0.69941163,5,3.2880185
6,0.700218,6,2.6013827
