,inferred dec temp,subject,inferred habitual tendency
0,4.280087,0,3.9455426
1,4.005318,1,4.099335
2,4.2198005,2,4.202858
3,4.031583,3,4.4225497
4,3.9061353,4,4.3463016
5,4.2079678,5,4.1964383
6,4.0942883,6,4.195478
