,inferred dec temp,subject,inferred habitual tendency
0,0.5135414,0,3.5479932
1,0.55471534,1,2.8950336
2,0.52507865,2,2.8195238
3,0.5976308,3,3.0550678
4,0.6518246,4,2.8616781
5,0.6311742,5,3.2955844
6,0.6552457,6,2.7426739
