,inferred dec temp,subject,inferred habitual tendency
0,1.068573,0,3.106703
1,1.1898515,1,3.1680622
2,1.092864,2,3.1326578
3,0.9968348,3,2.8667998
4,1.0562285,4,3.2029135
5,1.0212898,5,3.4237597
6,0.9016278,6,2.3163524
