,inferred dec temp,subject,inferred habitual tendency
0,3.4748433,0,3.2391343
1,3.4728756,1,3.5288978
2,3.3686073,2,3.6288784
3,3.0233538,3,3.9394476
4,2.8617165,4,3.8247652
5,3.31211,5,3.8073635
6,3.186318,6,3.3941526
