,inferred dec temp,subject,inferred habitual tendency
0,0.747729,0,3.2926543
1,0.7655679,1,3.1522079
2,0.7616726,2,3.0429742
3,0.77917933,3,2.7770264
4,0.83143616,4,3.0423093
5,0.7833452,5,3.393669
6,0.72593445,6,2.5313954
