,inferred dec temp,subject,inferred habitual tendency
0,1.2028191,0,4.287876
1,0.7337402,1,3.1544585
2,0.8472001,2,2.3861125
3,0.92444324,3,3.039534
4,0.636843,4,2.2444746
5,0.5969839,5,2.3443887
6,0.53127676,6,3.329229
