,inferred dec temp,subject,inferred habitual tendency
0,0.571148,0,3.5446568
1,0.64312327,1,3.0287445
2,0.59058887,2,2.9589362
3,0.6864637,3,2.8875575
4,0.718683,4,2.9477377
5,0.689427,5,3.4074438
6,0.6934757,6,2.6539345
