,inferred dec temp,subject,inferred habitual tendency
0,1.3317885,0,4.413078
1,0.8513001,1,3.3415654
2,0.96100533,2,2.4870112
3,0.97990006,3,3.248878
4,0.7038,4,2.0779057
5,0.6782705,5,2.2344904
6,0.7291843,6,3.8354404
