,inferred dec temp,subject,inferred habitual tendency
0,3.9505126,0,5.334826
1,4.1592803,1,4.038567
2,3.9640927,2,3.9268508
3,4.2295756,3,4.5174537
4,3.9421678,4,4.029832
5,4.1291347,5,4.3652287
6,3.9523873,6,5.3054485
