,inferred dec temp,subject,inferred habitual tendency
0,0.5299351,0,3.7005248
1,0.57015526,1,2.8939068
2,0.5229872,2,2.8539443
3,0.6025978,3,3.1350117
4,0.650915,4,2.8329198
5,0.63440454,5,3.2773526
6,0.65345997,6,2.7699316
