,inferred dec temp,subject,inferred habitual tendency
0,4.183323,0,4.1608224
1,4.320706,1,4.047266
2,4.096992,2,4.0202303
3,4.037007,3,4.4830575
4,4.0499787,4,4.442765
5,4.1854696,5,4.4846454
6,4.1011524,6,4.092125
