,inferred dec temp,subject,inferred habitual tendency
0,1.7828264,0,5.2481675
1,1.5659813,1,3.6084054
2,1.4693649,2,3.0712144
3,1.7543638,3,3.6577446
4,1.2867149,4,2.1151514
5,1.4762161,5,2.7904184
6,1.6927358,6,4.4420233
