,inferred dec temp,subject,inferred habitual tendency
0,1.0932221,0,3.95679
1,0.6917423,1,2.9887266
2,0.8059193,2,2.3176796
3,0.859119,3,2.970053
4,0.590403,4,2.4012964
5,0.5491925,5,2.517006
6,0.4333404,6,2.9190516
