,inferred dec temp,subject,inferred habitual tendency
0,2.7792675,0,5.5536857
1,3.3342745,1,3.5875678
2,2.9177604,2,3.5283618
3,3.242535,3,4.118761
4,3.215551,4,3.2432315
5,3.1803658,5,3.321626
6,3.4226112,6,4.7662687
