,inferred dec temp,subject,inferred habitual tendency
0,2.6502235,0,3.040605
1,2.8443804,1,3.339605
2,2.491902,2,3.289288
3,2.1326115,3,3.3874226
4,1.9910338,4,3.3885918
5,2.3704302,5,3.5406675
6,2.329339,6,3.1473458
