,inferred dec temp,subject,inferred habitual tendency
0,1.7171423,0,2.8109374
1,1.9305288,1,3.2447486
2,1.6825249,2,3.2383409
3,1.4306357,3,3.0093877
4,1.4038943,4,3.3115442
5,1.5464165,5,3.3011894
6,1.3868189,6,2.5779548
