,inferred dec temp,subject,inferred habitual tendency
0,1.4996157,0,4.6738772
1,1.1268204,1,3.4658022
2,1.1131263,2,2.848956
3,1.1644429,3,3.7487783
4,0.8357865,4,1.9197928
5,0.95180243,5,2.4343863
6,0.8337847,6,4.190073
