,inferred dec temp,subject,inferred habitual tendency
0,3.8954582,0,5.0560174
1,4.2234893,1,4.2485623
2,3.838018,2,4.2740917
3,4.0721774,3,4.6135406
4,4.0817547,4,4.0202193
5,4.070852,5,4.212997
6,4.162952,6,5.292372
