,inferred dec temp,subject,inferred habitual tendency
0,1.7582661,0,5.256823
1,1.6375029,1,3.5755835
2,1.4917691,2,3.0624647
3,1.6621718,3,3.9097495
4,1.2947872,4,2.0577676
5,1.5586656,5,2.77524
6,1.4428508,6,4.2288556
