,inferred dec temp,subject,inferred habitual tendency
0,1.1612525,0,4.1753287
1,0.76195043,1,3.1409698
2,0.85690016,2,2.3689137
3,0.9224815,3,3.131473
4,0.6398226,4,2.199497
5,0.58796704,5,2.416409
6,0.46621862,6,3.0506756
