,inferred dec temp,subject,inferred habitual tendency
0,1.080127,0,4.0382495
1,0.6826679,1,2.9592602
2,0.787824,2,2.3281772
3,0.86229956,3,3.0158806
4,0.6031204,4,2.30196
5,0.5465496,5,2.5666034
6,0.41425493,6,2.7732165
