,inferred dec temp,subject,inferred habitual tendency
0,1.3429649,0,4.396859
1,0.866683,1,3.3398862
2,0.94085664,2,2.5929756
3,0.9876921,3,3.4291363
4,0.69304335,4,2.0921667
5,0.7077837,5,2.3026986
6,0.5578722,6,3.5054433
