,inferred dec temp,subject,inferred habitual tendency
0,1.0602746,0,3.814672
1,0.6787927,1,2.9210382
2,0.7931184,2,2.3528368
3,0.8615719,3,2.8929346
4,0.58060306,4,2.3946319
5,0.5528985,5,2.32669
6,0.39160374,6,2.533083
