,inferred dec temp,subject,inferred habitual tendency
0,3.9542267,0,5.1694455
1,4.084027,1,4.1824737
2,3.9995527,2,4.07005
3,4.051922,3,4.5432796
4,4.167794,4,4.0846663
5,4.1270123,5,4.2254725
6,4.122837,6,5.685204
