,inferred dec temp,subject,inferred habitual tendency
0,2.129972,0,5.67703
1,2.475759,1,3.4830532
2,2.0869374,2,3.1414695
3,2.3350644,3,3.8681607
4,2.323772,4,2.43867
5,2.5784457,5,3.2394302
6,2.67023,6,4.293537
