,inferred dec temp,subject,inferred habitual tendency
0,1.3147006,0,4.371185
1,0.8416127,1,3.2453148
2,0.9746831,2,2.583182
3,0.9634794,3,3.1555667
4,0.7081046,4,2.016221
5,0.656953,5,2.226542
6,0.5709181,6,3.4573412
