,inferred dec temp,subject,inferred habitual tendency
0,1.9050908,0,2.7693496
1,1.879947,1,3.3113754
2,1.9417119,2,3.2173195
3,1.3829902,3,3.1157296
4,1.4756987,4,3.2232084
5,1.4975075,5,3.454395
6,1.3130118,6,2.7088902
