,inferred dec temp,subject,inferred habitual tendency
0,3.3061967,0,3.3169198
1,3.5894907,1,3.5210984
2,3.57766,2,3.4838965
3,3.1728036,3,3.9399285
4,3.0456128,4,3.8745701
5,3.3121202,5,3.680195
6,3.3613591,6,3.443651
