,inferred dec temp,subject,inferred habitual tendency
0,0.75391614,0,3.1230414
1,0.77609885,1,3.1980028
2,0.87646186,2,3.0099468
3,0.74347675,3,2.7888355
4,0.8652558,4,3.0273018
5,0.80485344,5,3.7140357
6,0.744649,6,2.441298
