,inferred dec temp,subject,inferred habitual tendency
0,1.1603854,0,2.9151444
1,1.0885519,1,3.2954
2,1.3495665,2,3.0164852
3,0.9150568,3,2.7839103
4,1.0735935,4,3.1124496
5,0.99158007,5,3.6986713
6,0.86599743,6,2.4833272
