,inferred dec temp,subject,inferred habitual tendency
0,4.070834,0,3.9565437
1,4.343889,1,4.078393
2,3.9828706,2,4.1313133
3,4.114921,3,4.5060425
4,3.7781107,4,4.328166
5,4.1094227,5,4.326075
6,4.0171742,6,4.2003584
