,inferred dec temp,subject,inferred habitual tendency
0,0.51841795,0,3.5526383
1,0.56502014,1,2.9322858
2,0.5465046,2,2.7971916
3,0.6245867,3,3.0315325
4,0.6741186,4,2.847577
5,0.6548121,5,3.375841
6,0.6396703,6,2.7934394
