,inferred dec temp,subject,inferred habitual tendency
0,0.5855193,0,3.4187608
1,0.62961996,1,3.0562408
2,0.6367569,2,2.8977325
3,0.66690433,3,3.0128052
4,0.73385805,4,2.9356632
5,0.71520704,5,3.5719028
6,0.6858794,6,2.704165
